{"cameraMode":{"drawMode":0,"name":"Shaded","section":"Shading Mode"},"sceneLighting":true,"audioPlay":false,"sceneViewState":{"m_AlwaysRefresh":false,"showFog":true,"showSkybox":true,"showFlares":true,"showImageEffects":true,"showParticleSystems":true,"showVisualEffectGraphs":true,"m_FxEnabled":true},"in2DMode":false,"pivot":{"x":5.909999847412109,"y":0.9100000858306885,"z":2.7699999809265138},"rotation":{"x":-0.15050262212753297,"y":0.7281864881515503,"z":-0.16943255066871644,"w":-0.6468297839164734},"size":0.8660253882408142,"orthographic":false}